CustomerID,Name,Gender,Age,Region,JoinDate,Status
C00001,Customer_1,Male,43,Meru,2025-08-22,Active
C00002,Customer_2,Male,50,Meru,2023-04-06,Active
C00003,Customer_3,Female,38,Kisumu,2024-06-07,Active
C00004,Customer_4,Male,52,Mombasa,2020-11-16,Active
C00005,Customer_5,Male,69,Meru,2023-09-04,Active
C00006,Customer_6,Male,51,Kisumu,2024-06-24,Active
C00007,Customer_7,Male,58,Mombasa,2025-06-17,Active
C00008,Customer_8,Male,68,Meru,2025-04-27,Active
C00009,Customer_9,Male,64,Nairobi,2025-07-31,Inactive
C00010,Customer_10,Female,35,Nairobi,2023-01-23,Active
C00011,Customer_11,Female,28,Nairobi,2024-05-23,Active
C00012,Customer_12,Male,74,Mombasa,2020-08-23,Active
C00013,Customer_13,Female,40,Mombasa,2025-05-23,Active
C00014,Customer_14,Female,65,Turkana,2020-11-29,Inactive
C00015,Customer_15,Female,39,Meru,2025-03-23,Inactive
C00016,Customer_16,Male,34,Kisumu,2021-01-10,Inactive
C00017,Customer_17,Female,22,Nairobi,2023-03-06,Active
C00018,Customer_18,Male,61,Meru,2024-04-19,Inactive
C00019,Customer_19,Female,28,Meru,2023-08-12,Active
C00020,Customer_20,Male,47,Turkana,2025-01-29,Active
C00021,Customer_21,Male,32,Nairobi,2023-10-04,Active
C00022,Customer_22,Female,44,Kisumu,2022-05-22,Active
C00023,Customer_23,Female,52,Meru,2023-06-06,Active
C00024,Customer_24,Male,50,Meru,2025-01-25,Active
C00025,Customer_25,Female,37,Meru,2023-08-07,Active
C00026,Customer_26,Female,33,Mombasa,2021-12-25,Active
C00027,Customer_27,Female,51,Nairobi,2025-08-14,Active
C00028,Customer_28,Male,19,Mombasa,2020-03-18,Inactive
C00029,Customer_29,Male,52,Meru,2020-05-11,Inactive
C00030,Customer_30,Female,57,Mombasa,2021-08-23,Inactive
C00031,Customer_31,Female,73,Mombasa,2024-11-07,Active
C00032,Customer_32,Female,45,Nairobi,2022-12-01,Active
C00033,Customer_33,Male,64,Nairobi,2025-11-06,Active
C00034,Customer_34,Male,56,Turkana,2025-02-06,Active
C00035,Customer_35,Female,23,Kisumu,2023-08-11,Active
C00036,Customer_36,Female,26,Turkana,2021-09-07,Active
C00037,Customer_37,Female,37,Nairobi,2025-03-03,Active
C00038,Customer_38,Female,18,Meru,2022-11-12,Active
C00039,Customer_39,Female,25,Mombasa,2021-07-28,Inactive
C00040,Customer_40,Female,72,Turkana,2022-09-19,Active
C00041,Customer_41,Male,40,Nairobi,2023-06-02,Active
C00042,Customer_42,Female,20,Mombasa,2021-05-17,Active
C00043,Customer_43,Male,21,Kisumu,2025-06-20,Active
C00044,Customer_44,Female,42,Nairobi,2022-03-31,Inactive
C00045,Customer_45,Female,64,Meru,2025-11-21,Active
C00046,Customer_46,Male,55,Meru,2025-05-24,Active
C00047,Customer_47,Male,32,Turkana,2020-07-16,Inactive
C00048,Customer_48,Male,38,Kisumu,2024-07-27,Active
C00049,Customer_49,Male,52,Nairobi,2023-04-17,Active
C00050,Customer_50,Female,74,Nairobi,2024-01-11,Inactive
C00051,Customer_51,Male,70,Kisumu,2024-07-04,Active
C00052,Customer_52,Female,70,Nairobi,2024-08-19,Inactive
C00053,Customer_53,Male,63,Mombasa,2023-08-05,Active
C00054,Customer_54,Female,69,Nairobi,2025-07-28,Active
C00055,Customer_55,Female,31,Turkana,2021-04-22,Active
C00056,Customer_56,Female,53,Turkana,2023-06-08,Active
C00057,Customer_57,Female,29,Meru,2022-07-11,Active
C00058,Customer_58,Female,34,Turkana,2021-02-23,Active
C00059,Customer_59,Female,56,Mombasa,2023-01-25,Active
C00060,Customer_60,Male,26,Kisumu,2022-08-08,Inactive
C00061,Customer_61,Female,52,Nairobi,2023-07-01,Active
C00062,Customer_62,Male,30,Kisumu,2025-01-31,Active
C00063,Customer_63,Male,32,Meru,2021-05-31,Active
C00064,Customer_64,Female,35,Mombasa,2024-07-16,Active
C00065,Customer_65,Male,68,Kisumu,2025-02-08,Active
C00066,Customer_66,Female,50,Mombasa,2023-02-15,Active
C00067,Customer_67,Male,23,Meru,2025-04-16,Active
C00068,Customer_68,Female,44,Nairobi,2022-03-25,Inactive
C00069,Customer_69,Male,40,Turkana,2025-03-15,Active
C00070,Customer_70,Female,44,Kisumu,2025-08-24,Active
C00071,Customer_71,Female,51,Nairobi,2025-09-25,Active
C00072,Customer_72,Female,73,Meru,2020-05-09,Active
C00073,Customer_73,Female,63,Nairobi,2020-04-04,Active
C00074,Customer_74,Male,55,Meru,2025-05-09,Active
C00075,Customer_75,Female,31,Kisumu,2022-03-04,Active
C00076,Customer_76,Male,53,Kisumu,2025-01-08,Active
C00077,Customer_77,Male,70,Turkana,2025-10-17,Active
C00078,Customer_78,Male,25,Kisumu,2024-08-10,Active
C00079,Customer_79,Female,52,Nairobi,2020-01-11,Active
C00080,Customer_80,Male,36,Kisumu,2025-02-08,Active
C00081,Customer_81,Male,47,Turkana,2021-12-12,Active
C00082,Customer_82,Male,31,Nairobi,2025-09-01,Active
C00083,Customer_83,Female,37,Nairobi,2022-03-25,Active
C00084,Customer_84,Female,66,Nairobi,2020-12-11,Active
C00085,Customer_85,Male,42,Nairobi,2020-12-28,Active
C00086,Customer_86,Female,57,Mombasa,2022-09-11,Active
C00087,Customer_87,Female,41,Mombasa,2024-06-27,Inactive
C00088,Customer_88,Male,31,Nairobi,2022-04-07,Active
C00089,Customer_89,Male,43,Meru,2020-12-21,Active
C00090,Customer_90,Female,55,Nairobi,2023-09-09,Active
C00091,Customer_91,Male,40,Turkana,2025-02-06,Active
C00092,Customer_92,Female,39,Turkana,2020-05-06,Active
C00093,Customer_93,Female,65,Nairobi,2021-08-26,Active
C00094,Customer_94,Female,74,Mombasa,2025-04-12,Active
C00095,Customer_95,Female,36,Mombasa,2022-10-10,Active
C00096,Customer_96,Female,63,Nairobi,2020-02-20,Active
C00097,Customer_97,Female,68,Nairobi,2023-12-01,Active
C00098,Customer_98,Male,20,Kisumu,2024-11-27,Active
C00099,Customer_99,Male,59,Mombasa,2024-06-24,Active
C00100,Customer_100,Female,36,Turkana,2024-07-03,Inactive
C00101,Customer_101,Female,26,Mombasa,2023-04-20,Active
C00102,Customer_102,Female,45,Mombasa,2025-01-28,Active
C00103,Customer_103,Male,37,Meru,2021-07-20,Inactive
C00104,Customer_104,Female,62,Mombasa,2022-07-24,Active
C00105,Customer_105,Male,24,Mombasa,2025-04-18,Active
C00106,Customer_106,Female,31,Nairobi,2023-08-25,Active
C00107,Customer_107,Female,26,Meru,2020-07-20,Active
C00108,Customer_108,Male,72,Mombasa,2020-04-26,Inactive
C00109,Customer_109,Male,74,Nairobi,2022-07-25,Active
C00110,Customer_110,Female,36,Mombasa,2021-07-28,Inactive
C00111,Customer_111,Female,64,Nairobi,2021-06-20,Active
C00112,Customer_112,Female,69,Kisumu,2024-06-13,Inactive
C00113,Customer_113,Male,31,Mombasa,2025-10-23,Inactive
C00114,Customer_114,Male,73,Nairobi,2021-01-20,Active
C00115,Customer_115,Male,55,Nairobi,2021-04-19,Active
C00116,Customer_116,Male,70,Kisumu,2021-02-21,Active
C00117,Customer_117,Male,53,Mombasa,2022-07-27,Active
C00118,Customer_118,Male,57,Nairobi,2022-08-12,Inactive
C00119,Customer_119,Female,34,Turkana,2022-05-25,Active
C00120,Customer_120,Female,47,Nairobi,2022-02-01,Active
C00121,Customer_121,Male,26,Turkana,2023-04-17,Inactive
C00122,Customer_122,Female,50,Turkana,2023-04-20,Active
C00123,Customer_123,Female,73,Kisumu,2021-10-25,Active
C00124,Customer_124,Male,69,Kisumu,2020-01-25,Active
C00125,Customer_125,Female,42,Kisumu,2025-06-13,Active
C00126,Customer_126,Male,31,Meru,2023-04-18,Active
C00127,Customer_127,Male,28,Nairobi,2021-12-10,Active
C00128,Customer_128,Female,70,Nairobi,2025-02-22,Active
C00129,Customer_129,Male,52,Nairobi,2023-03-30,Inactive
C00130,Customer_130,Male,58,Kisumu,2020-10-11,Active
C00131,Customer_131,Male,31,Nairobi,2020-03-03,Active
C00132,Customer_132,Male,47,Meru,2022-09-29,Inactive
C00133,Customer_133,Male,58,Turkana,2021-10-23,Active
C00134,Customer_134,Male,21,Nairobi,2024-02-01,Inactive
C00135,Customer_135,Male,21,Meru,2022-08-24,Active
C00136,Customer_136,Male,45,Kisumu,2022-04-28,Active
C00137,Customer_137,Female,25,Mombasa,2023-01-12,Active
C00138,Customer_138,Female,19,Turkana,2021-11-19,Active
C00139,Customer_139,Female,58,Mombasa,2020-05-27,Active
C00140,Customer_140,Male,63,Turkana,2020-12-07,Active
C00141,Customer_141,Male,39,Nairobi,2022-12-22,Active
C00142,Customer_142,Female,58,Mombasa,2024-09-20,Active
C00143,Customer_143,Female,73,Mombasa,2023-10-15,Active
C00144,Customer_144,Female,72,Nairobi,2020-11-22,Active
C00145,Customer_145,Male,33,Turkana,2024-11-27,Inactive
C00146,Customer_146,Female,46,Nairobi,2024-10-25,Inactive
C00147,Customer_147,Female,66,Meru,2022-09-16,Active
C00148,Customer_148,Male,65,Nairobi,2022-08-09,Active
C00149,Customer_149,Female,47,Kisumu,2021-12-23,Inactive
C00150,Customer_150,Male,29,Mombasa,2025-09-10,Active
C00151,Customer_151,Male,52,Meru,2021-03-04,Active
C00152,Customer_152,Male,28,Kisumu,2024-02-09,Active
C00153,Customer_153,Female,63,Nairobi,2020-10-12,Inactive
C00154,Customer_154,Female,67,Mombasa,2025-08-27,Active
C00155,Customer_155,Male,38,Nairobi,2022-02-07,Inactive
C00156,Customer_156,Female,38,Kisumu,2023-10-26,Active
C00157,Customer_157,Female,22,Turkana,2020-07-12,Active
C00158,Customer_158,Female,65,Mombasa,2022-09-14,Active
C00159,Customer_159,Female,37,Kisumu,2023-02-10,Active
C00160,Customer_160,Male,54,Mombasa,2025-12-01,Inactive
C00161,Customer_161,Female,20,Mombasa,2024-08-28,Active
C00162,Customer_162,Male,61,Mombasa,2022-08-04,Active
C00163,Customer_163,Male,50,Kisumu,2022-04-10,Active
C00164,Customer_164,Female,70,Nairobi,2025-04-04,Active
C00165,Customer_165,Male,26,Nairobi,2020-02-24,Inactive
C00166,Customer_166,Female,26,Nairobi,2022-03-10,Active
C00167,Customer_167,Female,21,Meru,2022-02-16,Active
C00168,Customer_168,Male,52,Nairobi,2024-01-21,Active
C00169,Customer_169,Male,34,Meru,2025-03-16,Active
C00170,Customer_170,Male,51,Nairobi,2025-11-04,Active
C00171,Customer_171,Male,41,Nairobi,2020-02-24,Active
C00172,Customer_172,Female,49,Mombasa,2024-12-28,Active
C00173,Customer_173,Female,18,Kisumu,2023-04-16,Active
C00174,Customer_174,Female,25,Nairobi,2022-04-12,Inactive
C00175,Customer_175,Male,62,Mombasa,2020-11-08,Active
C00176,Customer_176,Male,40,Nairobi,2025-02-01,Active
C00177,Customer_177,Male,64,Mombasa,2025-06-30,Active
C00178,Customer_178,Female,57,Mombasa,2025-06-29,Active
C00179,Customer_179,Male,29,Nairobi,2024-11-25,Active
C00180,Customer_180,Female,71,Mombasa,2020-11-23,Active
C00181,Customer_181,Male,29,Kisumu,2023-07-11,Active
C00182,Customer_182,Female,63,Kisumu,2025-11-13,Active
C00183,Customer_183,Female,64,Nairobi,2023-01-16,Active
C00184,Customer_184,Male,32,Nairobi,2023-08-04,Active
C00185,Customer_185,Male,58,Turkana,2021-03-27,Inactive
C00186,Customer_186,Female,36,Nairobi,2024-03-03,Active
C00187,Customer_187,Female,43,Kisumu,2020-06-13,Active
C00188,Customer_188,Male,69,Kisumu,2020-06-30,Active
C00189,Customer_189,Male,46,Meru,2022-06-28,Inactive
C00190,Customer_190,Female,39,Nairobi,2022-04-02,Active
C00191,Customer_191,Male,57,Nairobi,2022-08-01,Inactive
C00192,Customer_192,Female,38,Mombasa,2025-06-24,Inactive
C00193,Customer_193,Female,68,Nairobi,2025-08-16,Active
C00194,Customer_194,Male,55,Nairobi,2020-11-25,Active
C00195,Customer_195,Male,37,Nairobi,2022-02-13,Active
C00196,Customer_196,Male,74,Kisumu,2020-05-26,Active
C00197,Customer_197,Male,46,Mombasa,2022-07-03,Active
C00198,Customer_198,Male,68,Nairobi,2024-04-20,Active
C00199,Customer_199,Female,21,Nairobi,2023-08-01,Active
C00200,Customer_200,Female,72,Nairobi,2020-03-22,Active
C00201,Customer_201,Male,24,Mombasa,2021-05-28,Active
C00202,Customer_202,Male,45,Meru,2025-04-04,Active
C00203,Customer_203,Male,45,Kisumu,2025-04-23,Active
C00204,Customer_204,Female,21,Mombasa,2022-01-15,Active
C00205,Customer_205,Male,39,Meru,2023-11-10,Inactive
C00206,Customer_206,Male,29,Mombasa,2021-12-07,Active
C00207,Customer_207,Female,62,Mombasa,2021-04-15,Active
C00208,Customer_208,Female,20,Nairobi,2021-01-30,Inactive
C00209,Customer_209,Male,39,Nairobi,2024-04-04,Active
C00210,Customer_210,Male,61,Nairobi,2022-03-15,Inactive
C00211,Customer_211,Male,19,Nairobi,2022-07-22,Active
C00212,Customer_212,Female,41,Turkana,2023-07-03,Active
C00213,Customer_213,Male,51,Kisumu,2024-10-23,Inactive
C00214,Customer_214,Male,44,Nairobi,2022-06-23,Inactive
C00215,Customer_215,Male,72,Mombasa,2022-12-12,Active
C00216,Customer_216,Female,58,Kisumu,2025-03-05,Active
C00217,Customer_217,Female,18,Nairobi,2024-03-03,Active
C00218,Customer_218,Male,25,Nairobi,2023-10-19,Active
C00219,Customer_219,Male,40,Kisumu,2023-07-27,Inactive
C00220,Customer_220,Female,55,Mombasa,2021-08-15,Active
C00221,Customer_221,Female,23,Nairobi,2025-10-07,Active
C00222,Customer_222,Female,39,Nairobi,2020-05-07,Active
C00223,Customer_223,Female,42,Kisumu,2022-01-05,Inactive
C00224,Customer_224,Female,35,Nairobi,2021-06-04,Active
C00225,Customer_225,Female,34,Meru,2020-08-24,Inactive
C00226,Customer_226,Female,29,Kisumu,2023-07-28,Active
C00227,Customer_227,Female,23,Nairobi,2024-11-16,Active
C00228,Customer_228,Female,43,Turkana,2023-07-25,Active
C00229,Customer_229,Male,44,Meru,2025-08-13,Inactive
C00230,Customer_230,Male,25,Nairobi,2021-03-17,Active
C00231,Customer_231,Male,36,Meru,2025-09-07,Active
C00232,Customer_232,Female,59,Mombasa,2022-03-15,Inactive
C00233,Customer_233,Male,18,Mombasa,2020-03-15,Active
C00234,Customer_234,Female,74,Nairobi,2025-12-15,Active
C00235,Customer_235,Female,46,Turkana,2025-09-20,Active
C00236,Customer_236,Male,62,Kisumu,2023-10-11,Active
C00237,Customer_237,Female,66,Nairobi,2020-02-10,Active
C00238,Customer_238,Male,52,Nairobi,2025-09-12,Inactive
C00239,Customer_239,Male,57,Nairobi,2024-08-27,Active
C00240,Customer_240,Male,31,Mombasa,2023-11-02,Active
C00241,Customer_241,Female,52,Nairobi,2021-08-10,Active
C00242,Customer_242,Male,65,Nairobi,2024-06-10,Active
C00243,Customer_243,Female,62,Mombasa,2020-12-07,Active
C00244,Customer_244,Male,37,Nairobi,2025-09-05,Active
C00245,Customer_245,Male,73,Nairobi,2021-10-07,Active
C00246,Customer_246,Male,66,Nairobi,2021-12-31,Active
C00247,Customer_247,Female,30,Nairobi,2020-06-16,Active
C00248,Customer_248,Female,55,Nairobi,2021-09-01,Active
C00249,Customer_249,Female,66,Meru,2024-11-07,Active
C00250,Customer_250,Male,63,Nairobi,2025-08-02,Active
C00251,Customer_251,Male,66,Nairobi,2021-03-30,Active
C00252,Customer_252,Female,25,Mombasa,2024-09-04,Inactive
C00253,Customer_253,Female,60,Meru,2021-12-02,Active
C00254,Customer_254,Female,37,Kisumu,2024-05-18,Inactive
C00255,Customer_255,Female,50,Kisumu,2020-05-09,Active
C00256,Customer_256,Female,43,Nairobi,2025-01-19,Active
C00257,Customer_257,Female,56,Kisumu,2023-10-18,Active
C00258,Customer_258,Male,38,Kisumu,2021-11-23,Inactive
C00259,Customer_259,Female,70,Nairobi,2023-10-26,Inactive
C00260,Customer_260,Male,66,Turkana,2022-03-04,Active
C00261,Customer_261,Male,59,Nairobi,2020-01-29,Active
C00262,Customer_262,Female,60,Mombasa,2020-05-28,Active
C00263,Customer_263,Female,71,Nairobi,2023-08-12,Active
C00264,Customer_264,Male,58,Mombasa,2025-08-20,Active
C00265,Customer_265,Female,26,Meru,2023-02-10,Active
C00266,Customer_266,Female,41,Mombasa,2020-07-05,Inactive
C00267,Customer_267,Male,54,Nairobi,2023-06-04,Active
C00268,Customer_268,Male,66,Meru,2023-08-26,Active
C00269,Customer_269,Male,58,Kisumu,2020-04-07,Active
C00270,Customer_270,Female,34,Mombasa,2020-02-24,Active
C00271,Customer_271,Male,41,Kisumu,2022-01-27,Active
C00272,Customer_272,Female,38,Kisumu,2021-02-09,Active
C00273,Customer_273,Male,68,Kisumu,2025-10-17,Inactive
C00274,Customer_274,Male,56,Nairobi,2023-08-05,Active
C00275,Customer_275,Male,72,Kisumu,2024-11-20,Active
C00276,Customer_276,Female,58,Nairobi,2022-01-20,Active
C00277,Customer_277,Female,56,Turkana,2024-10-28,Active
C00278,Customer_278,Male,30,Mombasa,2020-12-30,Active
C00279,Customer_279,Male,28,Turkana,2025-07-19,Active
C00280,Customer_280,Male,63,Nairobi,2021-04-26,Active
C00281,Customer_281,Female,36,Mombasa,2020-06-02,Active
C00282,Customer_282,Male,28,Mombasa,2024-03-04,Active
C00283,Customer_283,Female,30,Meru,2025-10-21,Active
C00284,Customer_284,Male,63,Meru,2022-11-06,Active
C00285,Customer_285,Male,62,Nairobi,2024-07-22,Active
C00286,Customer_286,Male,18,Mombasa,2023-05-25,Active
C00287,Customer_287,Male,57,Kisumu,2020-03-01,Active
C00288,Customer_288,Male,61,Nairobi,2022-07-27,Active
C00289,Customer_289,Male,36,Nairobi,2024-06-27,Active
C00290,Customer_290,Female,29,Turkana,2025-09-20,Inactive
C00291,Customer_291,Male,25,Mombasa,2020-01-25,Inactive
C00292,Customer_292,Female,25,Turkana,2022-11-28,Active
C00293,Customer_293,Male,70,Meru,2020-05-10,Active
C00294,Customer_294,Male,62,Nairobi,2023-06-06,Active
C00295,Customer_295,Female,29,Nairobi,2020-04-17,Active
C00296,Customer_296,Male,65,Nairobi,2020-06-20,Active
C00297,Customer_297,Female,50,Nairobi,2023-12-29,Inactive
C00298,Customer_298,Female,62,Nairobi,2020-04-11,Active
C00299,Customer_299,Male,43,Nairobi,2024-06-24,Active
C00300,Customer_300,Female,56,Kisumu,2022-11-06,Active
C00301,Customer_301,Female,45,Turkana,2020-11-25,Active
C00302,Customer_302,Male,22,Kisumu,2024-02-29,Active
C00303,Customer_303,Female,25,Mombasa,2020-01-12,Active
C00304,Customer_304,Male,42,Meru,2023-09-03,Active
C00305,Customer_305,Male,44,Nairobi,2020-08-03,Active
C00306,Customer_306,Male,63,Nairobi,2020-12-04,Inactive
C00307,Customer_307,Male,40,Nairobi,2024-12-04,Active
C00308,Customer_308,Female,47,Nairobi,2024-10-16,Active
C00309,Customer_309,Male,62,Meru,2024-02-17,Inactive
C00310,Customer_310,Male,64,Nairobi,2021-12-10,Active
C00311,Customer_311,Female,40,Nairobi,2023-05-08,Active
C00312,Customer_312,Male,66,Nairobi,2023-01-17,Active
C00313,Customer_313,Male,64,Turkana,2023-07-15,Active
C00314,Customer_314,Female,37,Mombasa,2021-05-03,Active
C00315,Customer_315,Female,35,Mombasa,2024-04-10,Active
C00316,Customer_316,Female,35,Nairobi,2020-02-16,Active
C00317,Customer_317,Female,19,Mombasa,2022-02-16,Active
C00318,Customer_318,Female,21,Mombasa,2022-11-05,Active
C00319,Customer_319,Female,47,Meru,2021-12-11,Active
C00320,Customer_320,Female,50,Turkana,2021-02-04,Active
C00321,Customer_321,Male,53,Nairobi,2024-12-22,Active
C00322,Customer_322,Female,35,Turkana,2020-09-06,Active
C00323,Customer_323,Female,54,Turkana,2021-01-25,Active
C00324,Customer_324,Female,36,Nairobi,2020-11-30,Active
C00325,Customer_325,Male,64,Kisumu,2021-09-20,Active
C00326,Customer_326,Male,45,Turkana,2020-05-16,Active
C00327,Customer_327,Female,57,Nairobi,2024-03-01,Active
C00328,Customer_328,Female,37,Kisumu,2022-04-06,Active
C00329,Customer_329,Female,66,Turkana,2021-12-27,Active
C00330,Customer_330,Male,50,Meru,2024-02-09,Active
C00331,Customer_331,Male,29,Nairobi,2022-09-16,Active
C00332,Customer_332,Female,68,Meru,2022-07-23,Active
C00333,Customer_333,Male,32,Nairobi,2021-02-05,Active
C00334,Customer_334,Female,58,Kisumu,2024-01-06,Active
C00335,Customer_335,Male,56,Nairobi,2021-09-06,Active
C00336,Customer_336,Male,19,Meru,2023-07-20,Active
C00337,Customer_337,Female,46,Kisumu,2023-03-28,Active
C00338,Customer_338,Female,58,Mombasa,2023-01-26,Active
C00339,Customer_339,Female,27,Meru,2020-05-10,Inactive
C00340,Customer_340,Female,19,Kisumu,2023-04-09,Active
C00341,Customer_341,Male,68,Meru,2020-07-01,Active
C00342,Customer_342,Male,28,Nairobi,2020-12-29,Active
C00343,Customer_343,Male,30,Meru,2020-02-08,Active
C00344,Customer_344,Female,27,Nairobi,2023-10-04,Active
C00345,Customer_345,Male,31,Turkana,2022-07-09,Active
C00346,Customer_346,Female,35,Nairobi,2020-01-16,Active
C00347,Customer_347,Male,68,Kisumu,2021-05-07,Active
C00348,Customer_348,Female,71,Meru,2023-12-20,Inactive
C00349,Customer_349,Female,26,Kisumu,2023-02-05,Active
C00350,Customer_350,Male,74,Nairobi,2020-11-06,Inactive
C00351,Customer_351,Female,56,Meru,2022-01-08,Active
C00352,Customer_352,Female,45,Meru,2021-06-29,Active
C00353,Customer_353,Male,20,Mombasa,2020-09-07,Inactive
C00354,Customer_354,Female,37,Nairobi,2022-01-28,Active
C00355,Customer_355,Female,23,Meru,2024-12-09,Active
C00356,Customer_356,Female,44,Kisumu,2023-07-21,Active
C00357,Customer_357,Male,70,Meru,2024-06-19,Active
C00358,Customer_358,Male,19,Meru,2025-03-29,Active
C00359,Customer_359,Female,46,Kisumu,2022-03-24,Active
C00360,Customer_360,Male,55,Nairobi,2020-01-29,Active
C00361,Customer_361,Female,20,Nairobi,2022-08-15,Active
C00362,Customer_362,Female,33,Nairobi,2025-07-25,Active
C00363,Customer_363,Female,47,Nairobi,2021-04-21,Active
C00364,Customer_364,Female,57,Kisumu,2020-11-13,Active
C00365,Customer_365,Female,19,Meru,2020-09-01,Active
C00366,Customer_366,Male,34,Nairobi,2022-01-17,Active
C00367,Customer_367,Female,58,Turkana,2021-11-27,Active
C00368,Customer_368,Male,29,Nairobi,2020-09-28,Active
C00369,Customer_369,Male,52,Mombasa,2024-11-06,Active
C00370,Customer_370,Female,60,Meru,2023-06-16,Inactive
C00371,Customer_371,Female,18,Nairobi,2020-09-22,Active
C00372,Customer_372,Male,72,Nairobi,2022-07-09,Active
C00373,Customer_373,Male,62,Meru,2020-12-05,Active
C00374,Customer_374,Male,32,Nairobi,2021-01-23,Active
C00375,Customer_375,Female,43,Turkana,2025-08-12,Active
C00376,Customer_376,Male,54,Kisumu,2023-03-11,Active
C00377,Customer_377,Female,38,Turkana,2021-01-10,Active
C00378,Customer_378,Female,66,Nairobi,2025-07-26,Active
C00379,Customer_379,Female,48,Mombasa,2020-05-25,Inactive
C00380,Customer_380,Male,42,Meru,2025-06-04,Active
C00381,Customer_381,Female,40,Mombasa,2020-10-19,Active
C00382,Customer_382,Female,41,Nairobi,2021-03-07,Active
C00383,Customer_383,Female,74,Meru,2021-12-05,Active
C00384,Customer_384,Female,55,Kisumu,2025-06-21,Active
C00385,Customer_385,Female,45,Mombasa,2021-02-02,Active
C00386,Customer_386,Male,38,Nairobi,2022-08-21,Inactive
C00387,Customer_387,Female,71,Mombasa,2025-08-03,Active
C00388,Customer_388,Female,60,Nairobi,2025-01-02,Active
C00389,Customer_389,Male,35,Mombasa,2025-10-09,Inactive
C00390,Customer_390,Female,53,Mombasa,2022-07-27,Active
C00391,Customer_391,Male,52,Mombasa,2021-12-10,Active
C00392,Customer_392,Female,62,Kisumu,2022-03-17,Active
C00393,Customer_393,Male,72,Kisumu,2024-01-03,Active
C00394,Customer_394,Male,26,Turkana,2023-08-18,Active
C00395,Customer_395,Female,70,Nairobi,2020-01-11,Active
C00396,Customer_396,Female,55,Kisumu,2022-12-21,Active
C00397,Customer_397,Female,47,Meru,2025-02-11,Active
C00398,Customer_398,Male,61,Mombasa,2022-02-10,Active
C00399,Customer_399,Male,51,Nairobi,2024-05-13,Active
C00400,Customer_400,Male,49,Meru,2024-05-26,Inactive
C00401,Customer_401,Female,20,Mombasa,2023-08-26,Active
C00402,Customer_402,Male,20,Nairobi,2022-06-03,Active
C00403,Customer_403,Male,45,Turkana,2023-10-21,Active
C00404,Customer_404,Female,61,Nairobi,2020-08-13,Active
C00405,Customer_405,Male,32,Nairobi,2022-04-04,Active
C00406,Customer_406,Male,58,Nairobi,2022-07-25,Active
C00407,Customer_407,Female,40,Nairobi,2025-03-26,Inactive
C00408,Customer_408,Male,57,Turkana,2024-12-01,Active
C00409,Customer_409,Female,28,Nairobi,2020-02-23,Active
C00410,Customer_410,Female,65,Kisumu,2021-12-27,Active
C00411,Customer_411,Female,49,Nairobi,2024-03-24,Active
C00412,Customer_412,Female,74,Meru,2022-11-09,Inactive
C00413,Customer_413,Female,71,Meru,2025-03-28,Active
C00414,Customer_414,Male,53,Nairobi,2024-11-11,Active
C00415,Customer_415,Male,50,Nairobi,2024-05-15,Active
C00416,Customer_416,Female,41,Mombasa,2025-03-29,Active
C00417,Customer_417,Female,56,Nairobi,2022-04-29,Active
C00418,Customer_418,Male,51,Kisumu,2025-10-10,Inactive
C00419,Customer_419,Female,73,Nairobi,2020-01-03,Active
C00420,Customer_420,Female,45,Mombasa,2020-06-08,Active
C00421,Customer_421,Female,54,Nairobi,2022-02-19,Active
C00422,Customer_422,Male,24,Kisumu,2022-06-11,Active
C00423,Customer_423,Male,21,Nairobi,2025-07-23,Active
C00424,Customer_424,Female,54,Turkana,2021-08-02,Active
C00425,Customer_425,Female,73,Nairobi,2025-04-17,Active
C00426,Customer_426,Male,18,Mombasa,2023-10-12,Active
C00427,Customer_427,Male,18,Kisumu,2023-07-14,Active
C00428,Customer_428,Female,64,Nairobi,2024-06-28,Active
C00429,Customer_429,Female,37,Mombasa,2022-08-09,Active
C00430,Customer_430,Male,36,Nairobi,2022-09-14,Active
C00431,Customer_431,Male,46,Mombasa,2023-05-03,Active
C00432,Customer_432,Male,27,Turkana,2022-07-09,Active
C00433,Customer_433,Female,35,Mombasa,2023-09-17,Active
C00434,Customer_434,Male,45,Nairobi,2020-06-18,Active
C00435,Customer_435,Female,52,Mombasa,2021-06-04,Active
C00436,Customer_436,Male,60,Kisumu,2024-01-26,Active
C00437,Customer_437,Male,64,Mombasa,2020-02-09,Active
C00438,Customer_438,Male,48,Meru,2024-04-09,Active
C00439,Customer_439,Male,44,Mombasa,2023-11-19,Inactive
C00440,Customer_440,Female,28,Kisumu,2022-08-12,Active
C00441,Customer_441,Female,66,Kisumu,2022-09-10,Active
C00442,Customer_442,Male,66,Nairobi,2022-09-01,Active
C00443,Customer_443,Female,55,Mombasa,2020-02-07,Inactive
C00444,Customer_444,Male,22,Kisumu,2023-06-28,Active
C00445,Customer_445,Male,25,Kisumu,2023-04-14,Active
C00446,Customer_446,Male,51,Mombasa,2024-06-13,Active
C00447,Customer_447,Male,65,Meru,2022-07-02,Active
C00448,Customer_448,Female,69,Nairobi,2021-03-29,Active
C00449,Customer_449,Male,73,Meru,2020-02-06,Active
C00450,Customer_450,Male,29,Kisumu,2024-09-07,Active
C00451,Customer_451,Female,55,Kisumu,2022-03-06,Active
C00452,Customer_452,Male,18,Nairobi,2022-08-30,Inactive
C00453,Customer_453,Male,48,Nairobi,2021-08-15,Active
C00454,Customer_454,Male,21,Nairobi,2023-02-11,Active
C00455,Customer_455,Female,66,Mombasa,2023-08-17,Active
C00456,Customer_456,Male,62,Nairobi,2020-11-13,Active
C00457,Customer_457,Female,67,Kisumu,2025-12-02,Inactive
C00458,Customer_458,Male,22,Turkana,2023-09-08,Active
C00459,Customer_459,Male,47,Nairobi,2024-05-10,Active
C00460,Customer_460,Female,73,Kisumu,2025-03-04,Active
C00461,Customer_461,Male,41,Mombasa,2025-09-18,Active
C00462,Customer_462,Male,20,Turkana,2025-06-19,Active
C00463,Customer_463,Female,28,Mombasa,2024-11-07,Active
C00464,Customer_464,Female,62,Mombasa,2023-08-05,Inactive
C00465,Customer_465,Female,21,Mombasa,2023-07-09,Active
C00466,Customer_466,Female,43,Kisumu,2020-08-03,Active
C00467,Customer_467,Female,44,Mombasa,2025-11-09,Active
C00468,Customer_468,Male,63,Nairobi,2024-08-31,Active
C00469,Customer_469,Female,71,Turkana,2020-12-28,Active
C00470,Customer_470,Male,60,Kisumu,2024-09-12,Active
C00471,Customer_471,Male,44,Meru,2023-04-08,Active
C00472,Customer_472,Male,59,Nairobi,2020-12-21,Active
C00473,Customer_473,Female,68,Mombasa,2020-07-09,Inactive
C00474,Customer_474,Female,67,Nairobi,2021-11-30,Active
C00475,Customer_475,Male,23,Mombasa,2025-08-16,Active
C00476,Customer_476,Female,32,Mombasa,2025-12-20,Inactive
C00477,Customer_477,Female,70,Nairobi,2021-07-10,Inactive
C00478,Customer_478,Female,47,Mombasa,2022-04-05,Inactive
C00479,Customer_479,Female,59,Mombasa,2022-11-20,Active
C00480,Customer_480,Male,54,Meru,2021-03-01,Active
C00481,Customer_481,Male,54,Nairobi,2024-04-23,Active
C00482,Customer_482,Female,59,Nairobi,2025-10-30,Active
C00483,Customer_483,Male,54,Nairobi,2021-08-11,Active
C00484,Customer_484,Female,52,Nairobi,2025-07-05,Active
C00485,Customer_485,Female,40,Turkana,2024-03-27,Active
C00486,Customer_486,Male,23,Nairobi,2020-10-21,Active
C00487,Customer_487,Male,21,Mombasa,2025-06-08,Active
C00488,Customer_488,Male,35,Nairobi,2023-06-01,Active
C00489,Customer_489,Female,26,Kisumu,2024-03-28,Active
C00490,Customer_490,Male,66,Mombasa,2024-08-17,Active
C00491,Customer_491,Female,46,Mombasa,2023-02-10,Inactive
C00492,Customer_492,Male,30,Nairobi,2023-06-10,Active
C00493,Customer_493,Male,64,Kisumu,2025-08-26,Active
C00494,Customer_494,Female,69,Kisumu,2020-12-25,Active
C00495,Customer_495,Female,34,Nairobi,2021-11-30,Active
C00496,Customer_496,Female,62,Nairobi,2021-03-23,Active
C00497,Customer_497,Female,49,Kisumu,2021-11-05,Active
C00498,Customer_498,Female,65,Kisumu,2022-10-04,Active
C00499,Customer_499,Female,39,Mombasa,2023-09-11,Inactive
C00500,Customer_500,Female,21,Nairobi,2021-08-08,Inactive
C00501,Customer_501,Female,22,Kisumu,2023-06-10,Active
C00502,Customer_502,Male,54,Kisumu,2023-06-01,Active
C00503,Customer_503,Female,58,Mombasa,2022-09-20,Active
C00504,Customer_504,Female,66,Mombasa,2023-12-06,Inactive
C00505,Customer_505,Male,30,Kisumu,2021-07-25,Active
C00506,Customer_506,Female,51,Mombasa,2023-05-30,Inactive
C00507,Customer_507,Male,62,Nairobi,2025-09-15,Active
C00508,Customer_508,Male,39,Kisumu,2022-09-15,Active
C00509,Customer_509,Female,70,Nairobi,2020-10-04,Inactive
C00510,Customer_510,Male,40,Kisumu,2023-05-04,Active
C00511,Customer_511,Female,68,Mombasa,2025-03-02,Active
C00512,Customer_512,Male,20,Mombasa,2021-04-28,Active
C00513,Customer_513,Male,59,Nairobi,2023-06-19,Active
C00514,Customer_514,Male,51,Meru,2021-12-31,Active
C00515,Customer_515,Female,49,Meru,2022-11-06,Active
C00516,Customer_516,Female,62,Nairobi,2022-07-06,Active
C00517,Customer_517,Male,68,Nairobi,2022-06-04,Active
C00518,Customer_518,Male,66,Nairobi,2020-01-22,Active
C00519,Customer_519,Female,38,Nairobi,2021-04-18,Inactive
C00520,Customer_520,Female,63,Nairobi,2021-12-04,Active
C00521,Customer_521,Male,61,Nairobi,2021-11-17,Active
C00522,Customer_522,Male,38,Nairobi,2020-10-11,Active
C00523,Customer_523,Female,61,Mombasa,2021-12-16,Inactive
C00524,Customer_524,Female,28,Meru,2022-02-01,Active
C00525,Customer_525,Female,56,Turkana,2023-06-04,Active
C00526,Customer_526,Female,21,Kisumu,2022-08-05,Active
C00527,Customer_527,Female,68,Mombasa,2022-10-27,Inactive
C00528,Customer_528,Male,18,Mombasa,2020-01-29,Active
C00529,Customer_529,Female,45,Meru,2022-06-25,Active
C00530,Customer_530,Male,41,Kisumu,2025-10-27,Active
C00531,Customer_531,Female,52,Mombasa,2021-07-23,Active
C00532,Customer_532,Male,30,Nairobi,2025-06-29,Active
C00533,Customer_533,Female,64,Nairobi,2023-12-24,Active
C00534,Customer_534,Female,51,Kisumu,2022-01-07,Active
C00535,Customer_535,Male,28,Meru,2021-05-30,Inactive
C00536,Customer_536,Male,53,Nairobi,2025-06-23,Active
C00537,Customer_537,Female,68,Turkana,2020-02-08,Active
C00538,Customer_538,Female,34,Meru,2022-06-05,Active
C00539,Customer_539,Female,52,Kisumu,2023-01-03,Active
C00540,Customer_540,Female,35,Turkana,2024-12-28,Active
C00541,Customer_541,Female,57,Kisumu,2024-09-06,Active
C00542,Customer_542,Male,39,Turkana,2022-08-31,Active
C00543,Customer_543,Male,74,Kisumu,2024-04-11,Active
C00544,Customer_544,Female,41,Nairobi,2022-09-15,Active
C00545,Customer_545,Male,36,Mombasa,2020-01-21,Active
C00546,Customer_546,Male,54,Meru,2022-05-18,Inactive
C00547,Customer_547,Male,56,Mombasa,2020-03-24,Active
C00548,Customer_548,Female,38,Turkana,2024-08-09,Inactive
C00549,Customer_549,Male,25,Mombasa,2025-05-30,Active
C00550,Customer_550,Female,45,Meru,2023-11-11,Active
C00551,Customer_551,Male,22,Mombasa,2024-03-10,Active
C00552,Customer_552,Female,34,Meru,2021-07-23,Active
C00553,Customer_553,Male,54,Kisumu,2022-07-22,Active
C00554,Customer_554,Female,53,Mombasa,2025-06-03,Active
C00555,Customer_555,Female,71,Nairobi,2025-01-29,Inactive
C00556,Customer_556,Male,36,Mombasa,2022-03-03,Inactive
C00557,Customer_557,Female,44,Mombasa,2022-03-02,Active
C00558,Customer_558,Female,70,Mombasa,2024-12-14,Active
C00559,Customer_559,Female,51,Meru,2023-07-18,Active
C00560,Customer_560,Female,28,Mombasa,2024-05-26,Active
C00561,Customer_561,Female,71,Kisumu,2022-12-19,Active
C00562,Customer_562,Female,62,Mombasa,2022-09-11,Inactive
C00563,Customer_563,Female,64,Nairobi,2024-08-07,Inactive
C00564,Customer_564,Female,29,Nairobi,2021-06-03,Active
C00565,Customer_565,Male,71,Nairobi,2021-08-13,Active
C00566,Customer_566,Male,38,Kisumu,2022-11-16,Active
C00567,Customer_567,Female,71,Kisumu,2024-09-05,Active
C00568,Customer_568,Female,28,Mombasa,2025-07-28,Active
C00569,Customer_569,Male,56,Kisumu,2020-12-14,Active
C00570,Customer_570,Male,45,Kisumu,2022-08-17,Inactive
C00571,Customer_571,Male,22,Nairobi,2025-05-17,Active
C00572,Customer_572,Female,34,Kisumu,2021-11-23,Active
C00573,Customer_573,Male,73,Meru,2024-04-08,Active
C00574,Customer_574,Female,37,Nairobi,2021-01-12,Active
C00575,Customer_575,Female,58,Nairobi,2021-06-10,Active
C00576,Customer_576,Male,63,Nairobi,2023-06-13,Inactive
C00577,Customer_577,Female,29,Nairobi,2025-02-18,Active
C00578,Customer_578,Female,23,Kisumu,2024-10-29,Active
C00579,Customer_579,Female,34,Nairobi,2021-06-04,Active
C00580,Customer_580,Female,68,Mombasa,2024-08-28,Active
C00581,Customer_581,Male,36,Mombasa,2022-10-13,Active
C00582,Customer_582,Male,43,Kisumu,2022-10-10,Active
C00583,Customer_583,Female,65,Turkana,2020-04-26,Active
C00584,Customer_584,Female,61,Kisumu,2023-09-29,Active
C00585,Customer_585,Male,61,Kisumu,2021-08-06,Active
C00586,Customer_586,Female,69,Turkana,2021-01-29,Active
C00587,Customer_587,Male,49,Nairobi,2022-12-23,Active
C00588,Customer_588,Female,23,Turkana,2020-03-12,Active
C00589,Customer_589,Female,72,Nairobi,2020-09-30,Active
C00590,Customer_590,Male,53,Kisumu,2025-07-06,Active
C00591,Customer_591,Male,55,Nairobi,2023-09-05,Active
C00592,Customer_592,Male,28,Mombasa,2020-12-03,Inactive
C00593,Customer_593,Male,50,Meru,2023-10-21,Active
C00594,Customer_594,Female,41,Mombasa,2021-08-29,Active
C00595,Customer_595,Male,40,Nairobi,2020-06-14,Inactive
C00596,Customer_596,Female,32,Nairobi,2024-04-16,Active
C00597,Customer_597,Male,44,Nairobi,2025-08-20,Active
C00598,Customer_598,Male,28,Nairobi,2023-08-17,Active
C00599,Customer_599,Female,74,Turkana,2021-12-29,Active
C00600,Customer_600,Male,68,Nairobi,2025-08-05,Active
C00601,Customer_601,Male,67,Mombasa,2020-04-11,Active
C00602,Customer_602,Male,34,Mombasa,2023-11-16,Active
C00603,Customer_603,Male,68,Nairobi,2022-02-17,Active
C00604,Customer_604,Female,70,Meru,2020-08-01,Active
C00605,Customer_605,Female,31,Nairobi,2023-01-16,Active
C00606,Customer_606,Male,44,Nairobi,2024-04-25,Inactive
C00607,Customer_607,Male,35,Nairobi,2024-08-22,Active
C00608,Customer_608,Male,45,Meru,2021-08-14,Active
C00609,Customer_609,Female,68,Kisumu,2023-08-26,Active
C00610,Customer_610,Female,64,Kisumu,2023-01-14,Active
C00611,Customer_611,Female,64,Kisumu,2025-11-09,Active
C00612,Customer_612,Female,21,Nairobi,2021-12-14,Active
C00613,Customer_613,Male,24,Meru,2022-07-24,Active
C00614,Customer_614,Male,62,Mombasa,2025-05-05,Active
C00615,Customer_615,Male,52,Nairobi,2020-08-29,Active
C00616,Customer_616,Female,65,Nairobi,2025-08-05,Active
C00617,Customer_617,Male,26,Mombasa,2020-01-02,Inactive
C00618,Customer_618,Female,25,Nairobi,2024-11-03,Active
C00619,Customer_619,Female,69,Meru,2025-05-03,Inactive
C00620,Customer_620,Male,62,Nairobi,2025-12-03,Active
C00621,Customer_621,Male,34,Nairobi,2022-07-06,Inactive
C00622,Customer_622,Male,34,Nairobi,2020-03-30,Active
C00623,Customer_623,Female,66,Nairobi,2024-09-05,Inactive
C00624,Customer_624,Female,50,Meru,2025-12-09,Active
C00625,Customer_625,Male,49,Kisumu,2020-05-22,Active
C00626,Customer_626,Male,25,Mombasa,2020-04-15,Active
C00627,Customer_627,Female,36,Mombasa,2022-06-05,Active
C00628,Customer_628,Male,55,Kisumu,2021-03-03,Inactive
C00629,Customer_629,Female,20,Mombasa,2023-08-21,Inactive
C00630,Customer_630,Female,22,Nairobi,2025-03-10,Active
C00631,Customer_631,Male,30,Kisumu,2025-06-17,Inactive
C00632,Customer_632,Male,64,Mombasa,2020-11-12,Active
C00633,Customer_633,Male,63,Nairobi,2025-06-09,Active
C00634,Customer_634,Male,48,Meru,2021-09-26,Active
C00635,Customer_635,Female,72,Nairobi,2025-04-09,Inactive
C00636,Customer_636,Female,33,Meru,2025-08-18,Active
C00637,Customer_637,Female,67,Mombasa,2023-12-10,Active
C00638,Customer_638,Male,49,Mombasa,2021-07-06,Inactive
C00639,Customer_639,Female,39,Mombasa,2021-12-16,Active
C00640,Customer_640,Male,46,Mombasa,2023-07-11,Inactive
C00641,Customer_641,Male,39,Meru,2024-09-09,Active
C00642,Customer_642,Male,60,Meru,2025-02-26,Active
C00643,Customer_643,Male,20,Nairobi,2023-01-12,Active
C00644,Customer_644,Male,71,Kisumu,2023-09-03,Inactive
C00645,Customer_645,Male,27,Kisumu,2020-04-20,Active
C00646,Customer_646,Female,59,Turkana,2020-09-07,Active
C00647,Customer_647,Male,38,Kisumu,2025-08-16,Inactive
C00648,Customer_648,Female,33,Kisumu,2021-04-03,Inactive
C00649,Customer_649,Female,29,Kisumu,2023-01-12,Active
C00650,Customer_650,Male,19,Meru,2020-07-26,Inactive
C00651,Customer_651,Male,58,Mombasa,2022-06-18,Active
C00652,Customer_652,Male,41,Nairobi,2020-01-22,Inactive
C00653,Customer_653,Female,52,Kisumu,2021-02-13,Inactive
C00654,Customer_654,Male,73,Mombasa,2022-06-13,Active
C00655,Customer_655,Female,47,Kisumu,2021-05-29,Inactive
C00656,Customer_656,Male,74,Nairobi,2022-03-19,Inactive
C00657,Customer_657,Male,47,Meru,2022-05-23,Active
C00658,Customer_658,Female,64,Mombasa,2020-01-14,Inactive
C00659,Customer_659,Female,52,Nairobi,2022-08-28,Active
C00660,Customer_660,Male,36,Mombasa,2025-11-04,Inactive
C00661,Customer_661,Female,67,Mombasa,2024-04-09,Active
C00662,Customer_662,Female,25,Kisumu,2023-08-17,Active
C00663,Customer_663,Female,43,Turkana,2023-06-20,Inactive
C00664,Customer_664,Female,66,Mombasa,2025-12-09,Active
C00665,Customer_665,Female,57,Mombasa,2022-01-19,Active
C00666,Customer_666,Male,24,Mombasa,2021-11-15,Active
C00667,Customer_667,Male,47,Nairobi,2025-04-11,Active
C00668,Customer_668,Female,24,Nairobi,2021-11-25,Active
C00669,Customer_669,Male,20,Kisumu,2020-11-02,Active
C00670,Customer_670,Male,18,Nairobi,2025-06-12,Active
C00671,Customer_671,Female,53,Kisumu,2021-10-23,Active
C00672,Customer_672,Male,42,Mombasa,2021-07-02,Active
C00673,Customer_673,Female,54,Mombasa,2020-11-07,Active
C00674,Customer_674,Female,18,Meru,2022-12-18,Active
C00675,Customer_675,Male,32,Mombasa,2024-10-03,Active
C00676,Customer_676,Female,54,Mombasa,2022-01-24,Active
C00677,Customer_677,Female,30,Kisumu,2020-02-04,Active
C00678,Customer_678,Female,57,Nairobi,2021-03-20,Active
C00679,Customer_679,Female,25,Kisumu,2025-11-10,Inactive
C00680,Customer_680,Female,22,Mombasa,2025-06-05,Active
C00681,Customer_681,Male,26,Kisumu,2023-05-15,Active
C00682,Customer_682,Male,18,Meru,2020-12-18,Inactive
C00683,Customer_683,Female,53,Nairobi,2022-06-21,Active
C00684,Customer_684,Female,52,Mombasa,2023-09-17,Active
C00685,Customer_685,Male,19,Mombasa,2024-10-14,Active
C00686,Customer_686,Female,57,Mombasa,2020-06-07,Active
C00687,Customer_687,Male,40,Turkana,2025-05-31,Active
C00688,Customer_688,Female,26,Mombasa,2022-08-14,Active
C00689,Customer_689,Female,51,Turkana,2025-09-02,Active
C00690,Customer_690,Female,63,Turkana,2021-02-07,Active
C00691,Customer_691,Female,31,Mombasa,2021-05-30,Active
C00692,Customer_692,Female,21,Meru,2023-10-19,Active
C00693,Customer_693,Female,47,Nairobi,2022-08-13,Active
C00694,Customer_694,Female,48,Kisumu,2024-09-08,Active
C00695,Customer_695,Male,55,Meru,2021-08-30,Inactive
C00696,Customer_696,Male,28,Nairobi,2023-06-27,Active
C00697,Customer_697,Male,52,Nairobi,2024-03-15,Active
C00698,Customer_698,Female,25,Turkana,2023-12-12,Active
C00699,Customer_699,Female,20,Mombasa,2024-12-02,Active
C00700,Customer_700,Female,31,Mombasa,2020-10-21,Active
C00701,Customer_701,Female,30,Kisumu,2022-01-24,Active
C00702,Customer_702,Female,62,Nairobi,2023-10-26,Active
C00703,Customer_703,Female,49,Nairobi,2020-07-04,Inactive
C00704,Customer_704,Female,51,Nairobi,2023-06-23,Active
C00705,Customer_705,Male,62,Nairobi,2021-09-28,Inactive
C00706,Customer_706,Female,36,Nairobi,2023-07-15,Active
C00707,Customer_707,Male,55,Turkana,2021-06-13,Active
C00708,Customer_708,Male,33,Mombasa,2025-08-30,Active
C00709,Customer_709,Female,19,Nairobi,2022-03-04,Active
C00710,Customer_710,Female,57,Nairobi,2025-11-17,Inactive
C00711,Customer_711,Male,34,Kisumu,2021-04-22,Active
C00712,Customer_712,Male,72,Nairobi,2024-06-10,Active
C00713,Customer_713,Female,51,Turkana,2022-07-28,Active
C00714,Customer_714,Female,59,Kisumu,2021-06-09,Active
C00715,Customer_715,Male,33,Kisumu,2020-01-02,Active
C00716,Customer_716,Female,55,Nairobi,2021-01-09,Active
C00717,Customer_717,Female,19,Nairobi,2021-07-06,Active
C00718,Customer_718,Female,19,Meru,2024-03-05,Inactive
C00719,Customer_719,Male,43,Mombasa,2025-01-25,Active
C00720,Customer_720,Male,30,Meru,2021-01-15,Active
C00721,Customer_721,Male,73,Nairobi,2024-07-04,Inactive
C00722,Customer_722,Female,64,Meru,2020-01-14,Active
C00723,Customer_723,Female,48,Meru,2021-05-18,Active
C00724,Customer_724,Male,51,Mombasa,2025-07-01,Active
C00725,Customer_725,Male,56,Nairobi,2020-05-09,Active
C00726,Customer_726,Male,20,Nairobi,2022-04-17,Active
C00727,Customer_727,Female,25,Meru,2025-08-02,Active
C00728,Customer_728,Male,40,Meru,2020-01-28,Active
C00729,Customer_729,Male,31,Kisumu,2025-10-14,Active
C00730,Customer_730,Female,73,Kisumu,2023-06-06,Active
C00731,Customer_731,Female,72,Kisumu,2020-09-17,Active
C00732,Customer_732,Female,44,Mombasa,2025-08-08,Active
C00733,Customer_733,Male,71,Kisumu,2024-01-12,Inactive
C00734,Customer_734,Female,46,Turkana,2023-12-18,Active
C00735,Customer_735,Female,56,Kisumu,2021-04-04,Inactive
C00736,Customer_736,Male,70,Turkana,2020-10-27,Inactive
C00737,Customer_737,Female,56,Mombasa,2021-09-21,Inactive
C00738,Customer_738,Male,18,Nairobi,2020-09-26,Active
C00739,Customer_739,Male,34,Mombasa,2025-06-16,Active
C00740,Customer_740,Female,58,Nairobi,2024-06-16,Active
C00741,Customer_741,Female,47,Turkana,2024-12-06,Active
C00742,Customer_742,Female,70,Meru,2022-05-11,Active
C00743,Customer_743,Female,30,Nairobi,2023-07-04,Active
C00744,Customer_744,Female,38,Meru,2025-12-20,Inactive
C00745,Customer_745,Female,36,Turkana,2024-12-04,Active
C00746,Customer_746,Male,70,Nairobi,2024-09-02,Active
C00747,Customer_747,Male,36,Meru,2021-07-29,Inactive
C00748,Customer_748,Female,74,Mombasa,2025-06-26,Active
C00749,Customer_749,Male,42,Mombasa,2023-07-31,Active
C00750,Customer_750,Female,39,Kisumu,2025-05-10,Inactive
C00751,Customer_751,Male,48,Nairobi,2025-07-13,Active
C00752,Customer_752,Male,34,Nairobi,2024-07-13,Inactive
C00753,Customer_753,Male,72,Meru,2024-04-28,Active
C00754,Customer_754,Female,40,Kisumu,2025-01-21,Active
C00755,Customer_755,Male,49,Turkana,2023-10-22,Inactive
C00756,Customer_756,Female,27,Nairobi,2024-10-08,Active
C00757,Customer_757,Male,27,Meru,2025-04-09,Active
C00758,Customer_758,Male,53,Nairobi,2021-09-11,Active
C00759,Customer_759,Male,25,Nairobi,2023-06-28,Active
C00760,Customer_760,Male,71,Kisumu,2022-08-14,Active
C00761,Customer_761,Male,69,Kisumu,2025-04-23,Active
C00762,Customer_762,Female,37,Meru,2022-08-26,Active
C00763,Customer_763,Female,49,Turkana,2023-08-09,Active
C00764,Customer_764,Male,67,Meru,2022-11-09,Inactive
C00765,Customer_765,Male,31,Turkana,2020-10-08,Active
C00766,Customer_766,Male,67,Mombasa,2025-12-06,Active
C00767,Customer_767,Male,45,Meru,2022-11-24,Active
C00768,Customer_768,Female,63,Mombasa,2020-07-16,Inactive
C00769,Customer_769,Male,69,Meru,2022-12-18,Inactive
C00770,Customer_770,Female,70,Nairobi,2023-03-30,Active
C00771,Customer_771,Male,41,Mombasa,2022-10-05,Active
C00772,Customer_772,Female,32,Nairobi,2023-05-14,Active
C00773,Customer_773,Male,39,Meru,2022-11-01,Active
C00774,Customer_774,Male,47,Mombasa,2021-05-04,Active
C00775,Customer_775,Female,21,Nairobi,2020-10-02,Active
C00776,Customer_776,Male,30,Nairobi,2023-05-24,Inactive
C00777,Customer_777,Male,40,Turkana,2023-06-28,Active
C00778,Customer_778,Male,25,Meru,2020-05-05,Active
C00779,Customer_779,Female,35,Nairobi,2020-08-04,Active
C00780,Customer_780,Male,29,Meru,2023-04-23,Active
C00781,Customer_781,Male,72,Meru,2023-05-31,Active
C00782,Customer_782,Female,48,Kisumu,2022-07-07,Active
C00783,Customer_783,Female,31,Turkana,2023-08-10,Active
C00784,Customer_784,Female,51,Meru,2024-07-19,Active
C00785,Customer_785,Male,35,Nairobi,2020-11-03,Active
C00786,Customer_786,Male,73,Mombasa,2023-09-21,Active
C00787,Customer_787,Male,51,Mombasa,2025-05-23,Inactive
C00788,Customer_788,Female,28,Nairobi,2022-06-10,Active
C00789,Customer_789,Male,58,Nairobi,2021-01-09,Active
C00790,Customer_790,Male,29,Nairobi,2025-07-26,Active
C00791,Customer_791,Female,66,Meru,2023-09-26,Active
C00792,Customer_792,Female,32,Meru,2020-05-08,Active
C00793,Customer_793,Female,74,Meru,2022-10-11,Inactive
C00794,Customer_794,Female,48,Turkana,2024-12-04,Inactive
C00795,Customer_795,Female,66,Mombasa,2023-10-13,Inactive
C00796,Customer_796,Male,46,Nairobi,2021-05-31,Active
C00797,Customer_797,Female,43,Nairobi,2024-02-27,Inactive
C00798,Customer_798,Male,35,Kisumu,2020-03-26,Active
C00799,Customer_799,Male,49,Nairobi,2023-04-13,Active
C00800,Customer_800,Female,39,Meru,2023-02-16,Inactive
C00801,Customer_801,Female,55,Mombasa,2025-06-16,Active
C00802,Customer_802,Female,34,Nairobi,2025-12-01,Inactive
C00803,Customer_803,Male,40,Meru,2020-10-29,Active
C00804,Customer_804,Female,41,Mombasa,2021-08-10,Active
C00805,Customer_805,Female,67,Kisumu,2022-09-13,Active
C00806,Customer_806,Female,25,Nairobi,2025-02-06,Active
C00807,Customer_807,Female,58,Kisumu,2020-12-10,Active
C00808,Customer_808,Female,23,Nairobi,2022-03-24,Active
C00809,Customer_809,Male,22,Turkana,2025-06-10,Active
C00810,Customer_810,Male,61,Nairobi,2023-08-03,Active
C00811,Customer_811,Male,74,Kisumu,2025-06-22,Active
C00812,Customer_812,Female,46,Kisumu,2024-08-04,Active
C00813,Customer_813,Female,45,Turkana,2023-08-20,Active
C00814,Customer_814,Female,28,Nairobi,2022-12-28,Inactive
C00815,Customer_815,Male,74,Nairobi,2022-10-06,Inactive
C00816,Customer_816,Female,18,Nairobi,2021-12-04,Inactive
C00817,Customer_817,Female,60,Nairobi,2021-07-28,Inactive
C00818,Customer_818,Female,36,Nairobi,2024-05-27,Active
C00819,Customer_819,Male,26,Meru,2023-01-17,Active
C00820,Customer_820,Female,44,Nairobi,2021-11-18,Active
C00821,Customer_821,Male,51,Nairobi,2021-05-03,Active
C00822,Customer_822,Female,61,Mombasa,2023-09-09,Active
C00823,Customer_823,Male,21,Nairobi,2021-05-08,Active
C00824,Customer_824,Male,53,Nairobi,2024-07-25,Active
C00825,Customer_825,Male,35,Nairobi,2024-06-25,Active
C00826,Customer_826,Female,32,Turkana,2020-01-19,Active
C00827,Customer_827,Female,68,Nairobi,2022-09-27,Inactive
C00828,Customer_828,Male,30,Mombasa,2022-04-30,Active
C00829,Customer_829,Male,36,Mombasa,2023-10-20,Active
C00830,Customer_830,Female,66,Nairobi,2023-09-16,Active
C00831,Customer_831,Female,23,Turkana,2023-09-29,Active
C00832,Customer_832,Male,65,Nairobi,2022-04-01,Active
C00833,Customer_833,Female,73,Nairobi,2021-03-30,Inactive
C00834,Customer_834,Female,29,Mombasa,2024-06-12,Active
C00835,Customer_835,Female,68,Mombasa,2021-12-11,Active
C00836,Customer_836,Female,54,Meru,2022-07-05,Active
C00837,Customer_837,Male,34,Nairobi,2024-02-05,Active
C00838,Customer_838,Female,40,Kisumu,2023-12-11,Inactive
C00839,Customer_839,Female,43,Mombasa,2020-10-31,Active
C00840,Customer_840,Male,46,Nairobi,2022-01-05,Active
C00841,Customer_841,Male,50,Nairobi,2025-05-17,Active
C00842,Customer_842,Female,44,Nairobi,2025-11-19,Active
C00843,Customer_843,Female,42,Nairobi,2025-07-02,Active
C00844,Customer_844,Female,73,Mombasa,2022-08-19,Active
C00845,Customer_845,Female,72,Kisumu,2022-10-23,Active
C00846,Customer_846,Male,27,Turkana,2025-11-02,Active
C00847,Customer_847,Male,64,Nairobi,2024-01-13,Active
C00848,Customer_848,Male,40,Mombasa,2025-05-01,Active
C00849,Customer_849,Female,38,Nairobi,2023-03-23,Active
C00850,Customer_850,Female,38,Nairobi,2021-10-26,Active
C00851,Customer_851,Female,60,Nairobi,2020-01-12,Active
C00852,Customer_852,Female,30,Nairobi,2023-03-02,Active
C00853,Customer_853,Male,54,Kisumu,2020-10-30,Inactive
C00854,Customer_854,Male,50,Turkana,2024-10-29,Active
C00855,Customer_855,Female,41,Meru,2020-02-12,Active
C00856,Customer_856,Male,61,Nairobi,2022-08-01,Active
C00857,Customer_857,Female,28,Nairobi,2023-09-11,Inactive
C00858,Customer_858,Female,34,Nairobi,2022-06-09,Active
C00859,Customer_859,Male,21,Meru,2022-10-01,Active
C00860,Customer_860,Female,64,Mombasa,2020-01-21,Active
C00861,Customer_861,Female,42,Turkana,2021-02-10,Active
C00862,Customer_862,Male,47,Nairobi,2022-10-11,Active
C00863,Customer_863,Female,26,Kisumu,2020-12-01,Active
C00864,Customer_864,Female,38,Kisumu,2025-01-12,Active
C00865,Customer_865,Male,37,Meru,2023-02-21,Active
C00866,Customer_866,Female,36,Meru,2025-01-01,Active
C00867,Customer_867,Male,36,Meru,2021-12-15,Active
C00868,Customer_868,Female,29,Meru,2020-02-20,Active
C00869,Customer_869,Male,54,Nairobi,2020-11-19,Active
C00870,Customer_870,Male,59,Mombasa,2022-02-27,Active
C00871,Customer_871,Male,34,Nairobi,2020-05-20,Active
C00872,Customer_872,Female,54,Meru,2021-04-14,Active
C00873,Customer_873,Male,71,Kisumu,2022-02-25,Inactive
C00874,Customer_874,Male,65,Kisumu,2024-12-30,Active
C00875,Customer_875,Male,56,Turkana,2023-09-19,Inactive
C00876,Customer_876,Male,45,Mombasa,2025-03-31,Inactive
C00877,Customer_877,Male,58,Mombasa,2022-08-21,Active
C00878,Customer_878,Female,52,Kisumu,2021-01-07,Active
C00879,Customer_879,Female,64,Mombasa,2024-08-19,Active
C00880,Customer_880,Female,65,Kisumu,2023-03-25,Active
C00881,Customer_881,Female,35,Mombasa,2024-07-29,Active
C00882,Customer_882,Female,31,Kisumu,2020-04-15,Active
C00883,Customer_883,Female,52,Turkana,2023-12-14,Active
C00884,Customer_884,Female,61,Turkana,2024-08-08,Active
C00885,Customer_885,Male,58,Mombasa,2020-01-02,Active
C00886,Customer_886,Female,24,Nairobi,2025-11-07,Active
C00887,Customer_887,Male,58,Nairobi,2020-12-15,Active
C00888,Customer_888,Male,30,Mombasa,2023-07-10,Active
C00889,Customer_889,Female,35,Nairobi,2022-11-28,Inactive
C00890,Customer_890,Male,54,Mombasa,2021-03-20,Active
C00891,Customer_891,Male,30,Kisumu,2022-08-09,Active
C00892,Customer_892,Male,53,Kisumu,2020-02-05,Active
C00893,Customer_893,Male,48,Turkana,2023-01-12,Active
C00894,Customer_894,Female,19,Meru,2024-01-15,Active
C00895,Customer_895,Female,33,Meru,2024-12-03,Active
C00896,Customer_896,Female,26,Meru,2025-01-19,Active
C00897,Customer_897,Female,26,Nairobi,2023-11-09,Active
C00898,Customer_898,Female,55,Mombasa,2023-04-10,Active
C00899,Customer_899,Female,28,Nairobi,2023-10-31,Active
C00900,Customer_900,Female,71,Turkana,2024-09-04,Inactive
C00901,Customer_901,Female,73,Mombasa,2023-10-17,Active
C00902,Customer_902,Female,39,Nairobi,2023-07-24,Inactive
C00903,Customer_903,Female,50,Mombasa,2023-05-28,Active
C00904,Customer_904,Male,53,Meru,2021-06-04,Active
C00905,Customer_905,Female,62,Nairobi,2024-12-11,Active
C00906,Customer_906,Male,40,Turkana,2020-01-10,Active
C00907,Customer_907,Male,62,Nairobi,2022-09-10,Active
C00908,Customer_908,Male,62,Nairobi,2024-07-14,Active
C00909,Customer_909,Male,51,Kisumu,2024-07-18,Active
C00910,Customer_910,Female,26,Kisumu,2021-12-20,Active
C00911,Customer_911,Male,41,Meru,2022-12-08,Inactive
C00912,Customer_912,Female,25,Mombasa,2022-05-08,Active
C00913,Customer_913,Female,24,Meru,2023-08-09,Active
C00914,Customer_914,Male,53,Meru,2024-05-22,Active
C00915,Customer_915,Female,35,Nairobi,2020-02-19,Active
C00916,Customer_916,Male,20,Nairobi,2020-05-25,Active
C00917,Customer_917,Male,45,Nairobi,2022-07-03,Inactive
C00918,Customer_918,Female,23,Nairobi,2024-01-02,Inactive
C00919,Customer_919,Female,61,Meru,2021-08-03,Active
C00920,Customer_920,Male,61,Nairobi,2024-05-03,Active
C00921,Customer_921,Female,38,Nairobi,2021-04-27,Active
C00922,Customer_922,Female,45,Nairobi,2023-06-03,Active
C00923,Customer_923,Female,57,Turkana,2021-11-03,Active
C00924,Customer_924,Male,71,Turkana,2021-09-22,Active
C00925,Customer_925,Male,71,Meru,2021-10-23,Active
C00926,Customer_926,Female,18,Turkana,2022-09-14,Active
C00927,Customer_927,Female,53,Mombasa,2024-03-26,Active
C00928,Customer_928,Female,38,Meru,2021-10-11,Active
C00929,Customer_929,Female,60,Nairobi,2022-08-26,Active
C00930,Customer_930,Female,52,Mombasa,2023-01-05,Inactive
C00931,Customer_931,Male,30,Mombasa,2021-03-16,Active
C00932,Customer_932,Female,74,Meru,2022-07-09,Active
C00933,Customer_933,Male,66,Mombasa,2022-02-08,Active
C00934,Customer_934,Female,71,Kisumu,2023-09-05,Active
C00935,Customer_935,Male,71,Mombasa,2024-12-31,Active
C00936,Customer_936,Female,27,Turkana,2020-09-19,Active
C00937,Customer_937,Male,70,Nairobi,2024-04-26,Active
C00938,Customer_938,Female,61,Mombasa,2022-09-25,Active
C00939,Customer_939,Male,64,Kisumu,2021-11-30,Active
C00940,Customer_940,Male,70,Meru,2024-05-22,Active
C00941,Customer_941,Male,27,Mombasa,2023-05-26,Inactive
C00942,Customer_942,Male,63,Nairobi,2023-01-30,Inactive
C00943,Customer_943,Male,30,Meru,2023-04-05,Active
C00944,Customer_944,Male,54,Nairobi,2022-10-02,Active
C00945,Customer_945,Female,55,Meru,2020-02-05,Active
C00946,Customer_946,Male,41,Kisumu,2022-01-13,Inactive
C00947,Customer_947,Female,19,Mombasa,2024-10-30,Active
C00948,Customer_948,Female,39,Nairobi,2020-12-18,Inactive
C00949,Customer_949,Female,34,Meru,2025-04-06,Active
C00950,Customer_950,Female,53,Nairobi,2020-03-13,Active
C00951,Customer_951,Female,31,Mombasa,2023-10-08,Inactive
C00952,Customer_952,Male,27,Turkana,2025-03-29,Active
C00953,Customer_953,Male,52,Turkana,2022-12-29,Active
C00954,Customer_954,Male,42,Mombasa,2021-12-08,Active
C00955,Customer_955,Female,20,Mombasa,2024-12-09,Active
C00956,Customer_956,Male,64,Nairobi,2022-08-13,Active
C00957,Customer_957,Male,55,Nairobi,2020-06-08,Active
C00958,Customer_958,Male,34,Kisumu,2024-10-01,Active
C00959,Customer_959,Male,29,Mombasa,2024-05-04,Active
C00960,Customer_960,Male,71,Turkana,2020-03-07,Active
C00961,Customer_961,Female,69,Nairobi,2020-02-27,Active
C00962,Customer_962,Male,41,Turkana,2020-12-07,Active
C00963,Customer_963,Female,46,Meru,2023-02-27,Inactive
C00964,Customer_964,Female,60,Meru,2023-04-10,Active
C00965,Customer_965,Female,42,Nairobi,2023-05-17,Active
C00966,Customer_966,Female,53,Nairobi,2024-02-03,Active
C00967,Customer_967,Female,43,Meru,2024-12-26,Active
C00968,Customer_968,Male,55,Meru,2020-04-25,Active
C00969,Customer_969,Male,18,Nairobi,2021-10-23,Active
C00970,Customer_970,Male,37,Meru,2024-01-05,Active
C00971,Customer_971,Female,72,Mombasa,2025-02-11,Inactive
C00972,Customer_972,Male,45,Mombasa,2022-10-13,Active
C00973,Customer_973,Male,33,Turkana,2020-11-06,Active
C00974,Customer_974,Female,64,Nairobi,2020-07-26,Active
C00975,Customer_975,Female,34,Nairobi,2021-09-24,Active
C00976,Customer_976,Female,57,Mombasa,2025-10-03,Active
C00977,Customer_977,Female,45,Kisumu,2021-10-18,Active
C00978,Customer_978,Male,29,Nairobi,2023-11-24,Active
C00979,Customer_979,Female,44,Nairobi,2025-04-15,Active
C00980,Customer_980,Female,71,Kisumu,2024-08-06,Active
C00981,Customer_981,Male,70,Nairobi,2020-08-24,Active
C00982,Customer_982,Male,59,Nairobi,2020-12-13,Active
C00983,Customer_983,Female,64,Nairobi,2021-09-21,Inactive
C00984,Customer_984,Male,47,Nairobi,2024-03-20,Active
C00985,Customer_985,Female,58,Meru,2025-06-26,Active
C00986,Customer_986,Female,51,Meru,2023-06-25,Active
C00987,Customer_987,Male,54,Meru,2020-12-29,Active
C00988,Customer_988,Male,23,Nairobi,2020-10-12,Active
C00989,Customer_989,Female,24,Nairobi,2020-05-28,Active
C00990,Customer_990,Female,49,Meru,2023-01-12,Active
C00991,Customer_991,Female,49,Meru,2021-03-31,Active
C00992,Customer_992,Male,70,Kisumu,2024-11-01,Active
C00993,Customer_993,Female,42,Nairobi,2022-03-10,Active
C00994,Customer_994,Female,50,Turkana,2023-03-30,Active
C00995,Customer_995,Female,72,Nairobi,2022-10-09,Active
C00996,Customer_996,Female,24,Kisumu,2024-03-03,Active
C00997,Customer_997,Female,69,Meru,2021-04-25,Active
C00998,Customer_998,Male,74,Kisumu,2024-08-13,Inactive
C00999,Customer_999,Female,29,Nairobi,2025-12-01,Active
C01000,Customer_1000,Female,33,Kisumu,2024-05-20,Active
